english_word,word,part_of_speech,sense
Friday,viernes,noun,day of the week
Monday,lunes,noun,day of the week
Saturday,sábado,noun,day of the week
Sunday,domingo,noun,day of the week
Thursday,jueves,noun,day of the week
Tuesday,martes,noun,day of the week
Wednesday,miércoles,noun,day of the week
about,alrededor de,adv,"nearly, approximately"
about,unos,adv,"nearly, approximately"
above,arriba,adv,in a higher place
action,acción,noun,something done so as to accomplish a purpose
activity,actividad,noun,state or quality of being active
actor,actor,noun,person who performs in a theatrical play or film — see also actress
actress,actriz,noun,female actor — see also actor
add,añadir,verb,to append (e.g. a statement); to say further information; to add on
add,sumar,verb,"to perform the arithmetical operation of addition, to add up"
address,dirección,noun,description of the location of a property; direction for correspondence
adult,adulto,noun,fully grown human
advice,consejo,noun,"opinion recommended or offered, as worthy to be followed; counsel"
afraid,con miedo,adj,impressed with fear or apprehension; in fear; apprehensive
afraid,asustado,adj,impressed with fear or apprehension; in fear; apprehensive
afternoon,tarde,noun,part of the day between noon and evening
again,otra vez,adv,another time
again,de nuevo,adv,another time
again,nuevamente,adv,another time
age,edad,noun,amount of time since the birth of a being or the beginning of a thing
agree,estar de acuerdo,verb,harmonize in opinion; be in unison or concord; be united; concur
agree,acordar,verb,harmonize in opinion; be in unison or concord; be united; concur
air,aire,noun,mixture of gases making up the atmosphere of the Earth
airport,aeropuerto,noun,place designated for airplanes
also,también,adv,in addition; besides; as well; further; too
always,siempre,adv,at all times
amazing,asombroso,adj,causing wonder and amazement
amazing,sorprendente,adj,causing wonder and amazement
angry,enojado,adj,displaying anger
angry,enfadado,adj,displaying anger
animal,animal,noun,organism
answer,responder,verb,to make a reply or response to
answer,contestar,verb,to make a reply or response to
apartment,apartamento,noun,domicile occupying part of a building
apartment,piso,noun,domicile occupying part of a building
apartment,vivienda,noun,domicile occupying part of a building
apple,manzana,noun,fruit of Malus domestica
area,área,noun,maths: measure of extent of a surface
area,región,noun,particular geographic region
arm,arma,noun,weapon
arm,brazo,noun,upper appendage from shoulder to wrist
arrive,llegar,verb,to reach
arrive,llegar,verb,to get to a certain place
art,arte,noun,skillful creative activity
article,artículo,noun,"story, report, or opinion piece"
artist,artista,noun,person who creates art
ask,preguntar,verb,request an answer
ask,pedir,verb,make a request
aunt,tía,noun,a parent's sister or sister-in-law
away,fuera,adv,from a place; hence
away,lejos,adv,at a distance in time or space
awesome,asombroso,adj,causing awe or terror
awesome,tremendo,adj,"excellent, exciting"
baby,bebé,noun,very young human being
baby,nene,noun,very young human being
back,hacia atrás,adv,to or in a previous condition or place
back,de vuelta,adv,to or in a previous condition or place
back,atrás,adv,away from the front or from an edge
bad,malo,adj,unfavorable; negative
bad,malo,adj,"evil, wicked"
bag,bolsa,noun,flexible container
bag,saco,noun,flexible container
ball,bola,noun,solid or hollow sphere
ball,esfera,noun,solid or hollow sphere
ball,pelota,noun,"object, generally spherical, used for playing games"
ball,balón,noun,"object, generally spherical, used for playing games"
banana,banana,noun,fruit
banana,plátano,noun,fruit
bank,banco,noun,institution
bar,barra,noun,solid object with uniform cross-section
bar,bar,noun,business licensed to sell intoxicating beverages
baseball,béisbol,noun,ball game
basketball,baloncesto,noun,the sport
bath,bañera,noun,tub
bath,cuarto de baño,noun,building or area where bathing occurs
beach,playa,noun,sandy shore
beautiful,hermoso,adj,attractive
beautiful,bello,adj,attractive
beautiful,lindo,adj,attractive
beautiful,guapo,adj,attractive
beautiful,bonito,adj,attractive
become,volverse,verb,to begin to be
bed,cama,noun,piece of furniture
bedroom,dormitorio,noun,room in a house where a bed is kept for sleeping
bedroom,habitación,noun,room in a house where a bed is kept for sleeping
beer,cerveza,noun,alcoholic drink made of malt
begin,comenzar,verb,"to start, to initiate (transitive)"
begin,empezar,verb,"to start, to initiate (transitive)"
begin,iniciar,verb,"to start, begin (intransitive)"
beginning,comienzo,noun,act of doing that which begins anything
beginning,principio,noun,act of doing that which begins anything
beginning,inicio,noun,act of doing that which begins anything
behind,detrás,adv,at the back part; in the rear
behind,atrás,adv,toward the back part or rear; backward
believe,creer,verb,to accept as true
below,abajo,adv,in a lower place
best,mejor,adj,superlative of the adjective good
better,mejor,adj,comparative of the adjectives good or well
bicycle,bicicleta,noun,vehicle
big,grande,adj,of a great size — see also large
bike,bici,noun,bicycle
bike,moto,noun,motorcycle
bill,factura,noun,invoice
bird,pájaro,noun,animal
birthday,cumpleaños,noun,anniversary
black,negro,noun,colour/color
blog,blog,noun,a personal or corporate website
blond,rubio,adj,having blond hair
blue,azul,noun,colour
boat,barco,noun,water craft
body,cuerpo,noun,physical structure of a human or animal
book,libro,noun,collection of sheets of paper bound together containing printed or written material
boot,bota,noun,heavy shoe that covers part of the leg
bored,aburrido,adj,suffering from boredom
boring,aburrido,adj,causing boredom or tiredness
bottle,botella,noun,container
box,caja,noun,cuboid space; container
boy,chico,noun,young male
boyfriend,novio,noun,male partner in a romantic relationship
bread,pan,noun,baked dough made from cereals
break,pausa,noun,"rest or pause, usually from work"
break,descanso,noun,"rest or pause, usually from work"
breakfast,desayuno,noun,first meal of the day
bring,traer,verb,to transport toward somebody/somewhere
brother,hermano,noun,male sibling
brown,marrón,noun,colour
build,construir,verb,(transitive) to form by combining materials or parts
building,edificio,noun,closed structure with walls and a roof
bus,autobús,noun,vehicle
business,negocio,noun,"occupation, work or trade of a person"
busy,ocupado,adj,crowded with business or activities
butter,mantequilla,noun,soft foodstuff made from milk
buy,comprar,verb,to obtain something with money
cake,pastel,noun,type of sweet dessert
call,llamada,noun,telephone conversation
camera,cámara,noun,still camera
can,poder,verb,to be able to; to know how to
car,coche,noun,"automobile, a vehicle steered by a driver"
card,tarjeta,noun,"flat, normally rectangular piece of stiff paper, plastic etc."
career,carrera,noun,one's calling in life; a person's occupation
carrot,zanahoria,noun,Daucus carota ssp. sativus
carry,llevar,verb,to transport by lifting
cat,gato,noun,domestic species
cent,céntimo,noun,subunit of currency in US and elsewhere
center,centro,noun,point equidistant from all points on the perimeter of a circle
chair,silla,noun,furniture
change,cambio,noun,the process of becoming different
chart,lista de éxitos,noun,"ranked listing of competitors, as of recorded music"
cheap,barato,adj,low and/or reduced in price
check,verificar,verb,to verify or compare with a source of information
check,comprobar,verb,to verify or compare with a source of information
cheese,queso,noun,dairy product
chicken,pollo,noun,bird
child,niño,noun,a minor
child,niña,noun,a minor
chocolate,chocolate,noun,food made from ground roasted cocoa beans
choose,escoger,verb,to pick
city,ciudad,noun,large settlement
class,clase,noun,"group, collection, category or set sharing characteristics or attributes"
classroom,aula,noun,room in a school
clean,limpiar,verb,(transitive) to remove dirt from a place or object
climb,subir,verb,"to ascend, to go up"
clock,reloj,noun,instrument to measure or keep track of time
close,cerrar,verb,obstruct (an opening)
clothes,ropa,noun,apparel
club,club,noun,association of members
coat,abrigo,noun,outer garment covering the upper torso and arms
coffee,café,noun,beverage
cold,frío,noun,low temperature
college,universidad,noun,academic institution
color,color,noun,spectral composition of visible light
come,venir,verb,to move nearer
common,común,adj,usual
company,empresa,noun,"in legal context, a corporation"
compare,comparar,verb,to assess the similarities between two things or between one thing and another
complete,terminar,verb,to finish
computer,ordenador,noun,programmable electronic device
concert,concierto,noun,a musical entertainment in which several voices or instruments take part
conversation,conversación,noun,expression and exchange of individual ideas through talking with other people
cook,cocinar,verb,to prepare food for eating
cooking,gastronomía,noun,the style or genre of food preparation; cookery; cuisine
cool,fresco,adj,having a slightly low temperature
correct,corregir,verb,to make something become right that was previously wrong
cost,costar,verb,"to incur a charge, a price"
country,país,noun,region of land
course,curso,noun,education: learning program
cousin,primo,noun,child of a person’s parent’s brother or sister
cow,vaca,noun,female domesticated ox or other bovine
cream,nata,noun,oily part of milk
create,crear,verb,to put into existence
culture,cultura,noun,"arts, customs and habits"
cup,taza,noun,drinking vessel
customer,cliente,noun,one who purchases or receives a product or service
cut,cortar,verb,to perform an incision
dad,papá,noun,informal: a father
dance,bailar,verb,move rhythmically to music
dancer,bailarín,noun,person who dances
dangerous,peligroso,adj,full of danger
dark,oscuro,adj,having an absolute or relative lack of light
date,fecha,noun,point of time at which a transaction or event takes place
date,cita,noun,pre-arranged social meeting
date,dátil,noun,fruit of the date palm
daughter,hija,noun,female offspring
day,día,noun,period of 24 hours
dear,querido,adj,loved; lovable
decide,decidir,verb,to resolve or settle
delicious,rico,adj,pleasing to taste
describe,describir,verb,to represent in words
description,descripción,noun,account in words
design,diseñar,verb,to plan an artwork etc.
desk,escritorio,noun,table for writing and reading
detail,detalle,noun,part small enough to escape casual notice
dialogue,diálogo,noun,conversation or other discourse between individuals
dictionary,diccionario,noun,publication that explains the meanings of an ordered list of words
die,morir,verb,to stop living
diet,dieta,noun,food a person or animal consumes
difference,diferencia,noun,characteristic of something that makes it different from something else
different,diferente,adj,not the same
difficult,difícil,adj,"hard, not easy"
dinner,cena,noun,evening meal
dirty,sucio,adj,covered with or containing dirt
discuss,discutir,verb,to converse or debate concerning a particular topic
dish,vajilla,noun,vessel for holding/serving food
do,hacer,verb,"perform, execute"
doctor,doctor,noun,person who has attained a doctorate
dog,perro,noun,animal
dollar,dólar,noun,designation for specific currency
door,puerta,noun,"portal of entry into a building, room or vehicle"
down,abajo,adv,"from a high to a low position, downwards"
downstairs,abajo,adv,downstairs (adverb)
draw,dibujar,verb,to produce a picture
dress,vestir,verb,"to put clothes on (oneself or someone, etc.) — see also clothe"
drink,beber,verb,consume liquid through the mouth
drive,conducir,verb,to operate (a wheeled motorized vehicle)
driver,conductor,noun,"one who drives something, e.g. cattle"
each,cada uno,adv,apiece
ear,oído,noun,organ of hearing
early,temprano,adv,at a time before expected
easy,fácil,adj,requiring little skill or effort
eat,comer,verb,"to ingest — see also consume, ingest"
egg,huevo,noun,"approximately spherical or ellipsoidal body produced by birds, insects, reptiles, and other animals, housing the embryo within a membrane or shell during its development"
elephant,elefante,noun,mammal
email,enviar un correo electrónico,verb,(transitive) to send an email or emails to
end,acabar[se],verb,"intransitive: be finished, be terminated"
enjoy,disfrutar,verb,to receive pleasure or satisfaction from something
enough,suficientemente,adv,sufficiently
even,aun,adv,emphasising comparative
evening,tarde,noun,time of day between the approximate time of midwinter dusk and midnight
event,evento,noun,occurrence
example,ejemplo,noun,something serving to explain or illustrate a rule
excited,entusiasmado,adj,having great enthusiasm and energy
exciting,emocionante,adj,causing excitement
exercise,hacer ejercicio,verb,perform physical activity
expensive,caro,adj,having a high price or cost
explain,explicar,verb,to make intelligible
extra,adicional,adj,"beyond what is due, usual"
eye,ojo,noun,organ
face,cara,noun,anatomy: front part of head
fact,hecho,noun,something concrete used as a basis for further interpretation
fall,caída,noun,act of moving in gas or vacuum under the effect of gravity from a point to a lower point
FALSE,falso,adj,"untrue, not factual, wrong"
famous,famoso,adj,well known
fantastic,fantástico,adj,"wonderful, marvelous, excellent, extraordinarily good"
far,lejos,adv,at a great distance
farm,granja,noun,place where agricultural activities take place
farmer,granjero,noun,person who works the land and/or who keeps livestock
fast,rápidamente,adv,with great speed
fat,gordo,adj,carrying a larger than normal amount of fat on one's body
father,padre,noun,male parent
feel,sentir,verb,transitive: to experience an emotion or other mental state about
feeling,sentimiento,noun,emotion; impression
festival,festival,noun,event or community gathering
fill,llenar,verb,"add contents to, so it is full"
final,final,adj,last; ultimate
find,encontrar,verb,"encounter, locate, discover"
fine,fino,adj,made up of particularly small pieces
finish,terminar,verb,to complete
fire,fuego,noun,oxidation reaction
first,para empezar,adv,before anything else
fish,pez,noun,vertebrate animal
flight,vuelo,noun,act of flying
floor,suelo,noun,bottom part of a room
flower,flor,noun,reproductive structure in angiosperms
fly,volar,verb,to travel through air
follow,seguir,verb,to go or come after in physical space
food,comida,noun,any substance consumed by living organisms to sustain life
foot,pie,noun,part of human body
football,fútbol,noun,association football
forget,olvidar,verb,to lose remembrance of
form,formar,verb,to give shape
free,libre,adj,unconstrained
friend,amigo,noun,person whose company one enjoys
friendly,amistoso,adj,"approachable, warm"
fruit,fruta,noun,part of plant
full,lleno,adj,containing the maximum possible amount
fun,diversión,noun,enjoyment or amusement
funny,divertido,adj,amusing; comical
future,futuro,noun,the time ahead
game,juego,noun,"playful activity that may be unstructured, amusement, pastime"
garden,jardín,noun,piece of land outside with flowers and plants
geography,geografía,noun,study of physical structure and inhabitants of the Earth
get,conseguir,verb,to obtain
get,obtener,verb,to obtain
girl,chica,noun,young female person
girlfriend,novia,noun,a female partner in a romantic relationship
give,dar,verb,transfer the possession of something to someone else
glass,cristal,noun,substance
glass,vaso,noun,drinking vessel
go,ir,verb,to move through space (especially from one place to another)
good,bueno,adj,acting in the interest of good; ethical good intentions
goodbye,adiós,noun,an utterance of goodbye
grandfather,abuelo,noun,grandfather (from either side)
grandmother,abuela,noun,mother of someone's parent
grandparent,abuelo,noun,parent of one's parent
gray,gris,noun,colour
great,genial,adj,very good
green,verde,noun,colour
group,grupo,noun,number of things or persons being in some relation to each other
grow,crecer,verb,(intransitive) to become bigger
guitar,guitarra,noun,musical instrument
gym,gimnasio,noun,sporting facility specialized for lifting weights and exercise
hair,cabello,noun,mass of such filaments on the human head
half,mitad,noun,one of two equal parts into which anything may be divided
hand,mano,noun,part of the fore limb
happen,ocurrir,verb,to occur
happen,pasar,verb,to occur
happy,feliz,adj,"contented, joyous"
hat,sombrero,noun,a head covering
hate,odiar,verb,to dislike intensely
have,tener,verb,to possess
head,cabeza,noun,part of the body
health,salud,noun,"state of being free of physical or psychological disease, illness, or malfunction"
healthy,sano,adj,enjoying good health
hear,oír,verb,to perceive with the ear
help,ayuda,noun,action given to provide assistance
here,aquí,adv,"in, on, or at this place"
high,alto,adj,elevated; tall
history,historia,noun,aggregate of past events
hobby,pasatiempo,noun,activity done for enjoyment in spare time
home,en casa,adv,at home
homework,deberes,noun,work that is done at home
hope,esperar,verb,"to want something to happen, with expectation that it might"
horse,caballo,noun,members of the species Equus ferus
hospital,hospital,noun,large medical facility
hot,caliente,adj,having a high temperature
hotel,hotel,noun,establishment providing accommodation
hour,hora,noun,time period of sixty minutes
house,casa,noun,human abode
how,cómo,adv,in what manner
however,sin embargo,adv,nevertheless
hungry,tener hambre,adj,affected by hunger; desirous of food
husband,marido,noun,male partner in marriage
husband,esposo,noun,male partner in marriage
ice,hielo,noun,water in frozen form
ice cream,helado,noun,dessert
idea,idea,noun,"a conception in the mind of something to be done; a plan for doing something, an intention"
imagine,imaginar,verb,(transitive) to form a mental image of something
important,importante,adj,having relevant and crucial value
improve,mejorar,verb,to make something better
in,hacia adentro,adv,moving to the interior
include,incluir,verb,to bring into as a part or member
information,información,noun,communicable knowledge
interest,interesar,verb,to attract attention or concern
interested,interesado,adj,having or showing interest
interesting,interesante,adj,arousing or holding the attention
interview,entrevistar,verb,to have an interview
introduce,presentar,verb,to cause someone to be acquainted
introduce,introducir,verb,"to add something to a system, a mixture, or a container"
island,isla,noun,area of land completely surrounded by water
jacket,chaqueta,noun,piece of clothing worn on the upper body outside a shirt or blouse
jeans,vaqueros,noun,denim trousers
job,trabajo,noun,task
join,juntar,verb,to combine more than one item into one; to put together
juice,zumo,noun,beverage made of juice
just,sólo,adv,"only, simply, merely"
keep,guardar,verb,to maintain possession of
key,clave,adj,indispensable
kind,tipo,noun,"type, race, category"
kitchen,cocina,noun,room
know,saber,verb,be justifiably certain or sure about (something true)
land,tierra,noun,part of Earth that is not covered by oceans or other bodies of water
language,idioma,noun,body of words used as a form of communication
large,grande,adj,of greater size — see also big
late,tarde,adv,past a designated time
later,después,adv,afterward in time
laugh,risa,noun,expression of mirth peculiar to the human species
learn,aprender,verb,to acquire knowledge or ability
leave,dejar,verb,"to depart from, end one's connection or affiliation with"
leave,salir,verb,to depart (intransitive)
left,izquierda,noun,the left side
leg,pierna,noun,lower limb from groin to ankle
lesson,lección,noun,section of learning or teaching
let,permitir,verb,allow
letter,letra,noun,a symbol in an alphabet
library,biblioteca,noun,"institution which holds books, etc."
lie,mentir,verb,tell an intentional untruth
lie,estar tumbado,verb,be in horizontal position
life,vida,noun,the state of being alive
light,ligero,adj,of low weight
like,gustar,verb,to enjoy
line,línea,noun,"path through two or more points, threadlike mark"
lion,león,noun,big cat Panthera leo
list,enumerar,verb,to create or recite a list
listen,escuchar,verb,to pay attention to a sound
little,pequeño,adj,small in size
little,poco,adj,"insignificant, trivial"
live,vivir,verb,be alive
live,vivir,verb,have permanent residence
local,local,adj,of a nearby location
look,mirar,verb,to try to see
lose,perder,verb,cause (something) to cease to be in one's possession or capability
love,amar,verb,have a strong affection for
lunch,almuerzo,noun,meal around midday
machine,máquina,noun,mechanical or electrical device
magazine,revista,noun,periodical
main,principal,adj,"chief, most important, or principal in extent, etc."
make,hacer,verb,to create
mall,centro comercial,noun,enclosed shopping centre
man,hombre,noun,adult male human
map,mapa,noun,visual representation of an area
market,mercado,noun,spacious site for trading
married,casado,adj,in a state of marriage; having a wife or a husband
match,coincidir,verb,intransitive: to agree; to be equal
match,corresponder[se],verb,intransitive: to agree; to be equal
maybe,quizás,adv,indicating a lack of certainty
meal,comida,noun,food that is prepared and eaten
mean,querer decir,verb,"to convey, indicate"
mean,significar,verb,to signify
meaning,sentido,noun,symbolic value of something
meat,carne,noun,animal flesh used as food
meet,encontrar,verb,to come face to face with by accident; to encounter
meet,quedar,verb,to come face to face with someone by arrangement
meeting,reunión,noun,gathering for a purpose
member,miembro,noun,one who officially belongs to a group
menu,menú,noun,details of the food to be served at a banquet
menu,carta,noun,details of the food to be served at a banquet
message,mensaje,noun,"communication, concept or information conveyed"
meter,metro,noun,measuring instrument
midnight,medianoche,noun,12 o'clock at night exactly — see also twelve o'clock
mile,milla,noun,measure of length
milk,leche,noun,liquid
minute,minuto,noun,unit of time
miss,echar de menos,verb,to feel the absence of someone or something; to feel the want or need of
mistake,error,noun,an error
model,modelo,noun,person
model,modelo,noun,praiseworthy example
modern,moderno,adj,pertaining to the current time and style
moment,momento,noun,very brief period of time
money,dinero,noun,means of exchange and measure of value
month,mes,noun,period into which a year is divided
morning,mañana,noun,part of the day between dawn and midday
mother,madre,noun,"female (human) who parents a child, gives birth to a baby, or is pregnant"
mountain,montaña,noun,large mass of earth and rock
mouse,ratón,noun,rodent of the genus Mus
mouth,boca,noun,the opening of a creature through which food is ingested
move,moverse,verb,(intransitive) to change place or posture; to go
movie,película,noun,motion picture
museum,museo,noun,building or institution
music,música,noun,"sound, organized in time in a melodious way"
must,deber,verb,be required to
name,nombrar,verb,to give a name to
natural,natural,adj,of or relating to nature
near,cerca,adv,at or towards a position close in space or time
need,necesitar,verb,to have an absolute requirement for
negative,negativo,adj,not positive or neutral
neighborhood,barrio,noun,area near one's home
never,nunca,adv,at no time
never,jamás,adv,at no time
new,nuevo,adj,recently made or created
news,noticias,noun,new information of interest
newspaper,periódico,noun,publication
next,después,adv,On the first subsequent occasion
nice,amable,adj,"pleasant, satisfactory"
night,noche,noun,period between sunset and sunrise
nose,nariz,noun,protuberance on the face
note,nota,noun,marginal comment or explanation
now,ahora,adv,at the present time
number,número,noun,abstract entity used to describe quantity
nurse,enfermera,noun,person trained to provide care for the sick
object,objeto,noun,thing
ocean,océano,noun,one of the large bodies of water
office,oficina,noun,room(s) or building used for non-manual work
often,a menudo,adv,"frequently, many times"
old,antiguo,adj,"of an object, concept, etc: having existed for a relatively long period of time"
once,una vez,adv,one and only one time
onion,cebolla,noun,Allium cepa
online,en línea,adj,connected to the Internet
only,sólo,adv,without others or anything further; exclusively
open,abrir,verb,to make something accessible
opinion,opinión,noun,thought a person has formed about a topic
orange,naranja,adj,having the colour of the fruit of an orange tree
order,ordenar,verb,to set in (any) order
order,pedir,verb,to request some product or service
out,fuera,adv,away from the inside or the centre
outside,fuera,adv,in or to the outside
over,excesivamente,adv,to an excessive degree
own,propio,adj,belonging to (determiner)
page,página,noun,one side of a leaf of a book
painting,pintura,noun,an illustration or artwork using paint
pair,par,noun,two similar or identical things
pants,pantalón,noun,garment covering the body from the waist downwards
paper,papel,noun,sheet material
paragraph,párrafo,noun,passage in text
parent,padre,noun,person from whom one is descended
park,aparcar,verb,bring (a vehicle) to a halt
part,parte,noun,fraction of a whole
partner,socio,noun,someone who is associated with another in a common activity or interest
party,fiesta,noun,social gathering
passport,pasaporte,noun,official document for foreign travel
past,pasado,noun,period of time that has already happened
pay,pagar,verb,to give money in exchange for goods or services
pen,bolígrafo,noun,writing tool
pencil,lápiz,noun,graphite writing-instrument
people,gente,noun,a body of human beings; a group of two or more persons
pepper,pimienta,noun,spice
pepper,pimiento,noun,fruit of the capsicum
perfect,perfecto,adj,without fault or mistake
period,período,noun,a length of time
person,persona,noun,individual
personal,personal,adj,of or pertaining to a particular person
phone,llamar por teléfono,verb,to call (someone) on the telephone
photograph,foto,noun,picture
phrase,frase,noun,short written or spoken expression
piano,piano,noun,a keyboard musical instrument
picture,imagen,noun,"representation of visible reality produced by drawing, etc"
piece,pedazo,noun,part of a larger whole
pig,cerdo,noun,mammal of genus Sus
pink,rosa,noun,pale red colour
place,lugar,noun,"location, position"
plan,planear,verb,to intend
plane,avión,noun,airplane
plant,planta,noun,organism capable of photosynthesis
play,obra teatral,noun,theatrical performance
player,jugador,noun,one who plays any game or sport
point,momento,noun,particular moment in an event or occurrence
point,punto,noun,full stop
police,policía,noun,local or general law enforcement agency
pool,billar,noun,cue sport played on a pool table
poor,pobre,adj,with few or no possessions or money
popular,popular,adj,liked by many people
positive,positivo,adj,characterised by constructiveness
possible,posible,adj,capable of being done or achieved; feasible
post,postear,verb,(Internet) publish a message
potato,patata,noun,plant tuber eaten as starchy vegetable
pound,libra,noun,unit of mass (16 ounces avoirdupois)
prefer,preferir,verb,to favor
prepare,preparar,verb,to make ready for a specific future purpose
present,presente,noun,current time
pretty,bastante,adv,somewhat
price,precio,noun,cost required to gain possession of something
probably,probablemente,adv,in all likelihood
problem,problema,noun,difficulty
product,producto,noun,amount created by a process
program,programa,noun,set of structured activities
project,proyecto,noun,planned endeavor
purple,morado,noun,colour
put,poner,verb,to place something somewhere
quarter,cuarto,noun,one of four equal parts — see also one-fourth
question,pregunta,noun,"sentence, phrase or word"
quick,rápido,adj,moving with speed
quickly,rápidamente,adv,"rapidly, fast"
quiet,quieto,adj,with little sound
quite,bastante,adv,to the greatest extent; completely
radio,radio,noun,technology
rain,llover,verb,of rain: to fall from the sky
read,leer,verb,to look at and interpret letters or other information
reader,lector,noun,person who reads a publication
reading,lectura,noun,process of interpreting written language
ready,listo,adj,prepared for immediate action or use
real,real,adj,"true, genuine, not merely nominal"
really,realmente,adv,actually
reason,razón,noun,that which causes: a cause
red,rojo,noun,colour
relax,reposar,verb,to calm down
remember,recordar,verb,to recall from one's memory
repeat,repetir,verb,do or say again
report,informe,noun,information describing events
restaurant,restaurante,noun,an eating establishment in which diners are served food
result,resultado,noun,that which results
return,vuelta,noun,act of returning
rice,arroz,noun,plants
rich,rico,adj,having wealth
ride,montar,verb,"to transport oneself by sitting on and directing a horse, bicycle etc."
right,derecha,noun,"right, not left, side"
river,río,noun,large stream which drains a landmass
road,ruta,noun,a way for travel
room,habitación,noun,division in a building
routine,rutina,noun,course of action to be followed regularly; a standard procedure
rule,regla,noun,regulation
run,correr,verb,to move quickly on two feet
sad,triste,adj,feeling sorrow
salad,ensalada,noun,food
salt,sal,noun,sodium chloride
sandwich,sándwich,noun,dish — see also open sandwich
say,decir,verb,"to say, to tell"
school,escuela,noun,an institution dedicated to teaching and learning
science,ciencia,noun,particular discipline or branch of learning
scientist,científico,noun,one whose activities make use of the scientific method
second,segundo,noun,one-sixtieth of a minute; SI unit of time
section,sección,noun,"cutting, part cut out"
see,ver,verb,perceive with the eyes
sell,vender,verb,to agree to transfer goods or provide services for payment
send,enviar,verb,make something go somewhere
send,mandar,verb,make something go somewhere
sentence,oración,noun,grammatically complete series of words consisting of a subject and predicate
share,compartir,verb,to give
sheep,oveja,noun,animal
shirt,camisa,noun,article of clothing
shoe,zapato,noun,protective covering for the foot
shop,ir de compras,verb,to visit shops
shopping,compras,noun,activity of buying
short,corto,adj,having a small distance between ends or edges
show,espectáculo,noun,entertainment
shower,ducha,noun,device for bathing
sick,harto,adj,"tired (of), annoyed (by)"
similar,similar,adj,"having traits or characteristics in common; alike, comparable"
sing,cantar,verb,to produce harmonious sounds with one’s voice
singer,cantante,noun,person who sings (male or generic term)
sister,hermana,noun,woman or girl having the same parents
sit,sentarse,verb,"of a person, be in a position in which the upper body is upright and the legs are supported"
situation,situación,noun,combination of circumstances at a given moment; state of affairs
skill,habilidad,noun,capacity to do something well
skirt,falda,noun,article of clothing
sleep,dormir,verb,to rest in state of reduced consciousness
slow,lento,adj,not quick in motion
small,pequeño,adj,not large
smart,listo,adj,"exhibiting intellectual knowledge, such as that found in books"
snake,serpiente,noun,legless reptile
snow,nevar,verb,have snow fall from the atmosphere
so,tan,adv,very
sometimes,a veces,adv,"on certain occasions, but not always"
son,hijo,noun,a male person in relation to his parents
song,canción,noun,music with words
soon,pronto,adv,within a short time
sorry,lamentar,adj,"repentant, apologetic"
sound,sonar,verb,to produce a sound
soup,sopa,noun,dish
space,espacio,noun,physical extent in two or three dimensions
speak,hablar,verb,to communicate with one's voice using words
special,especial,adj,distinguished by a unique or unusual quality
spell,deletrear,verb,to write or say the letters that form a word
spelling,ortografía,noun,"the practice, ability, or subject of forming words with letters, or of reading the letters of words; orthography"
spend,gastar,verb,to pay out
sport,deporte,noun,any athletic activity that uses physical skills
spring,primavera,noun,season between winter and summer in temperate climates
stand,estar de pie,verb,to support oneself on the feet in an erect position
star,estrella,noun,"a celestial body appearing as a point of light on the clear night sky, whose position is relatively fixed with respect to each other"
start,empezar,verb,to begin
start,comenzar,verb,to begin
statement,declaración,noun,declaration or remark
station,estación,noun,place where a vehicle may stop
stay,quedar[se],verb,to remain in a particular place
still,todavía,adv,"up to a time, as in the preceding time"
still,aún,adv,"up to a time, as in the preceding time"
stop,parada,noun,place to get on and off mass transport
store,almacén,noun,place where items may be kept
story,cuento,noun,account of events
street,calle,noun,paved part of road in a village or a town
strong,fuerte,adj,capable of producing great physical force
student,estudiante,noun,person who studies a subject
study,estudiar,verb,to revise/review materials
style,estilo,noun,"manner of creating, doing, or presenting something, especially a work of architecture or art"
style,estilo,noun,"particular way in which one grooms, adorns, dresses, or carries oneself; (specifically) a way thought to be attractive or fashionable"
subject,tema,noun,main topic
success,éxito,noun,achievement of one's aim or goal
sugar,azúcar,noun,sucrose from sugar cane or sugar beet used to sweeten food and drink
summer,verano,noun,hottest season
sun,sol,noun,"a star, especially when seen as the centre of any single solar system"
supermarket,supermercado,noun,store
sure,seguro,adj,"certain, reliable"
sweater,jersey,noun,similar garment worn for warmth
swim,nadar,verb,move through water
swimming,natación,noun,human activity of moving oneself through water
table,mesa,noun,item of furniture
take,tomar,verb,to get into one's possession
talk,hablar,verb,to communicate by speech
tall,alto,adj,of a person
tall,alto,adj,of a building
taxi,taxi,noun,vehicle available for public hire
tea,té,noun,drink made from leaves of tea plant
teach,enseñar,verb,to pass on knowledge
teacher,profesor,noun,person who teaches
team,equipo,noun,group of people
teenager,adolescente,noun,person aged between thirteen and nineteen
telephone,llamar por teléfono,verb,to call someone
television,tele,noun,medium
tell,decir,verb,to pass information
tennis,tenis,noun,sport played by two or four players with strung racquets
terrible,terrible,adj,dreadful; causing alarm or fear
test,poner a prueba,verb,to challenge
test,probar,verb,to place a product or piece of equipment under everyday and/or extreme conditions
text,texto,noun,a written passage
thank,agradecer,verb,to express appreciation or gratitude toward (someone or something)
theater,teatro,noun,place or building
then,entonces,adv,at that time
there,ahí,adv,in or at that place
thing,cosa,noun,"that which is considered to exist as a separate entity, object, quality or concept"
think,pensar,verb,"to ponder, to go over in one's head"
thirsty,tener sed,adj,needing to drink
ticket,entrada,noun,admission to entertainment
time,tiempo,noun,inevitable passing of events
tired,cansado,adj,in need of rest or sleep
title,título,noun,"name of a book, etc"
today,hoy,noun,today (noun)
together,junto,adv,"at the same time, in the same place"
toilet,baño,noun,"room used for urination and defecation — see also bathroom, men's room, ladies' room, outhouse, portable toilet, latrine, shitter"
toilet,servicio,noun,"room used for urination and defecation — see also bathroom, men's room, ladies' room, outhouse, portable toilet, latrine, shitter"
tomato,tomate,noun,fruit
tomorrow,mañana,noun,the day after the present day
tonight,esta noche,noun,nighttime today
too,también,adv,likewise
too,demasiado,adv,more than enough; as too much
tooth,diente,noun,anatomy: tooth
topic,tema,noun,subject; theme
tourist,turista,noun,someone who travels for pleasure
town,ciudad,noun,settlement
traffic,tráfico,noun,pedestrians or vehicles on roads or on the air
train,tren,noun,line of connected cars or carriages
travel,viaje,noun,act of traveling
tree,árbol,noun,large woody plant
trip,viaje,noun,journey
truck,camión,noun,"heavier motor vehicle designed to carry goods — see also semi-trailer truck, pickup truck"
TRUE,cierto,adj,concurring with a given set of facts
try,intentar,verb,to attempt
turn,girada,noun,change of direction or orientation
turn,turno,noun,chance to use (something) shared in sequence with others
twice,dos veces,adv,two times
type,clase,noun,grouping based on shared characteristics
umbrella,paraguas,noun,cloth-covered frame used for protection against rain or sun
uncle,tío,noun,brother (or brother-in-law) of someone’s parent
understand,entender,verb,to grasp the meaning of
university,universidad,noun,institution of higher education
up,arriba,adv,away from earth’s surface
upstairs,arriba,adv,up the stairs; on or to a higher floor or level
use,usar,verb,"employ, apply"
useful,útil,adj,having a practical or beneficial use
usually,usualmente,adv,most of the time
vacation,vacaciones,noun,period of leisure time
vegetable,verdura,noun,a plant raised for some edible part of it
very,muy,adv,to a high degree
video,vídeo,noun,"television show, movie"
visit,visita,noun,single act of visiting
visitor,visita,noun,guest
wait,esperar,verb,delay until some event
waiter,camarero,noun,a server in a restaurant or similar
wake,despertarse,verb,to stop sleeping
walk,paseo,noun,trip made by walking
wall,muro,noun,substantial structure acting as side or division in a building
want,querer,verb,to desire
warm,caliente,adj,having a temperature slightly higher than usual
wash,lavar,verb,to clean with water
watch,reloj,noun,portable or wearable timepiece
water,agua,noun,inorganic compound H₂O
way,camino,noun,"road, direction, path"
wear,llevar,verb,to have on (clothes or accessories)
weather,tiempo atmosférico,noun,state of the atmosphere
website,sitio web,noun,a collection of pages on the World Wide Web
week,semana,noun,period of seven days
weekend,fin de semana,noun,break in the working week
welcome,bienvenido,adj,whose arrival is a cause of joy
well,bien,adj,in good health
when,cuándo,adv,"at what time, as a direct question"
where,dónde,adv,at what place; to what place; from what place
white,blanco,noun,color
why,por qué,adv,for what reason
wife,esposa,noun,female partner in a marriage
will,desear,verb,to wish or desire
win,ganar,verb,transitive: achieve victory in
window,ventana,noun,opening for light and air
wine,vino,noun,alcoholic beverage made from grapes
winter,invierno,noun,"fourth season, marked by short days and the lowest temperatures"
woman,mujer,noun,adult female person
wonderful,maravilloso,adj,"excellent, extremely impressive"
word,palabra,noun,unit of language
work,trabajo,noun,"labour, employment, occupation, job"
worker,trabajador,noun,person who performs labor
worker,obrero,noun,person who performs labor
world,mundo,noun,human collective existence
write,escribir,verb,"to form letters, etc."
writer,escritor,noun,person who writes; an author
writing,escritura,noun,written letters or symbols
wrong,incorrecto,adj,incorrect
wrong,equivocado,adj,incorrect
yard,patio,noun,land around a house
year,año,noun,time it takes for the Earth to complete one revolution around the Sun
yellow,amarillo,noun,color
yesterday,ayer,noun,day before today
young,joven,adj,in the early part of life or growth
english_word,word,part_of_speech,sense
answer,respuesta,noun,response
back,espalda,noun,the rear of body
black,negro,adj,absorbing all light
blue,azul,adj,"blue-coloured — see also dark blue, light blue"
break,romper,verb,transitive: to separate into (to cause to end up in) two or more pieces
brown,marrón,adj,having a brown colour
busy,ocupado,adj,crowded with business or activities
call,llamar,verb,"to request, summon, or beckon"
capital,capital,noun,money and wealth
change,cambiar,verb,to become something different
clean,limpio,adj,not dirty
cold,frío,adj,having a low temperature
complete,completo,adj,with everything included
correct,correcto,adj,free from error
cost,costo,noun,amount of money spent for a purpose
dance,baile,noun,movements to music
design,diseño,noun,plan
dress,vestido,noun,item of clothing which both covers the upper part of the body and includes a skirt below the waist
drink,bebida,noun,served beverage
early,temprano,adj,at a time in advance of the usual
east,este,noun,compass point
email,correo electrónico,noun,system for sending messages and datas by means of computers connected together in a network
end,fin,noun,extreme part
exercise,ejercicio,noun,any activity designed to develop or hone a skill or ability
fall,caer,verb,move to a lower position under the effect of gravity
family,familia,noun,"immediate family [as a group], e.g. parents and their children"
fast,rápido,adj,moving or capable of moving with great speed
form,forma,noun,shape or visible structure
front,frente,noun,facing side
gray,gris,adj,"of a color somewhere between white and black, as the ash of an ember"
green,verde,adj,having green as its colour
guess,adivinar,verb,to reach an unconfirmed conclusion
hard,duro,adj,resistant to pressure
help,ayudar,verb,transitive: provide assistance to (someone or something)
home,hogar,noun,house or structure in which someone lives
interest,interés,noun,great attention and concern from someone
interview,entrevista,noun,conversation with journalist etc.
key,llave,noun,device designed to open and close a lock
late,tarde,adj,near the end of a period of time
laugh,reír,verb,show mirth by peculiar movement of the muscles of the face and emission of sounds
left,izquierda,adj,west side of the body when one is facing north
light,luz,noun,electromagnetic waves
list,lista,noun,enumeration or compilation of items
long,largo,adj,having much distance from one point to another
love,amor,noun,strong affection
match,partido,noun,sporting event
name,nombre,noun,"word or phrase indicating a particular person, place, class or thing"
near,cercano,adj,physically close
next,siguiente,adj,following in a sequence
north,norte,noun,compass point
only,único,adj,alone in a category
open,abierto,adj,not closed
opposite,contrario,noun,contrary thing
orange,naranja,noun,fruit
order,orden,noun,"arrangement, disposition"
paint,pintar,verb,to apply paint to
park,parque,noun,ground for recreation
past,pasado,adj,having already happened; in the past
pink,rosado,adj,colored/coloured between red and white
plan,plano,noun,technical drawing
plan,plan,noun,set of intended actions
play,jugar,verb,act in a manner such that one has fun
play,tocar,verb,produce music using a musical instrument (transitive sense)
post,correo,noun,method of delivering mail
practice,práctica,noun,repetition of an activity to improve skill
present,presente,adj,pertaining to the current time
pretty,bonito,adj,"especially of women and children: pleasant, attractive"
purple,morado,adj,colour
rain,lluvia,noun,condensed water from a cloud
red,rojo,adj,having red as its colour
return,volver,verb,to come or go back
right,recto,adj,"straight, not bent"
right,correcto,adj,"complying with justice, correct — see also be right"
right,derecho,adj,"of direction, opposite of left"
same,mismo,adj,not different as regards self; identical
second,segundo,adj,second (numeral) — see also 2nd
shop,tienda,noun,establishment that sells goods
show,mostrar,verb,to display
snow,nieve,noun,"partly frozen, crystalline state of water that falls from the atmosphere as precipitation in flakes; falling of such flakes; accumulation of them as a white layer"
sound,sonido,noun,sensation perceived by the ear
south,sur,noun,compass point
stop,parar,verb,to cease moving
study,estudio,noun,mental effort to acquire knowledge
telephone,teléfono,noun,a device used for two-way talking with other people
test,prueba,noun,"challenge, trial"
today,hoy,adv,on the current day
tomorrow,mañana,adv,on the day after the present day
tonight,esta noche,adv,during today's evening
travel,viajar,verb,be on a journey
turn,girar,verb,"change the direction or orientation of, especially by rotation"
visit,visitar,verb,to go and meet (someone)
walk,caminar,verb,to move on the feet
walk,andar,verb,to move on the feet
watch,mirar,verb,to look at for a period of time
welcome,dar la bienvenida,verb,affirm or greet the arrival of someone
well,bien,adv,accurately; competently
west,oeste,noun,compass point
white,blanco,adj,bright and colourless
work,trabajar,verb,to do a specific task
yellow,amarillo,adj,having yellow as its color
yesterday,ayer,adv,on the day before today
